Preprocessing_chain,Sample_ID,Label,Validation_group,Test,Train,X_shape,y,x0,x1,x2,x3,x4,x5,x6,x7,x8,x9,x10,x11,x12,x13,x14,x15,x16,x17,x18,x19,x20,x21,x22,x23,x24,x25,x26,x27,x28,x29,x30,x31,x32,x33,x34,x35,x36,x37,x38,x39,x40,x41,x42,x43,x44,x45
2_0_%#1-5_0_%#1-,File-loaded-ROI_group_1_demo-tiff_demo_1-xml_1_1,1_1,leaf_1,1,1,"(46,)",4,1335.7762,1294.9214,866.7695,799.89343,774.59937,822.0635,806.9433,818.4142,872.6145,1150.0817,1840.003,2436.8428,2620.3274,2591.5925,2255.3296,1993.5238,1888.3734,1712.0317,1598.4634,1399.65,1137.5366,922.50037,971.31067,2159.6577,4210.6123,5492.818,6177.8247,6388.9175,6443.548,6425.0815,6430.124,6457.2085,6500.347,6508.9795,6544.8247,6597.7666,6624.6855,6652.789,6650.4346,6639.7437,6606.586,6537.855,6445.086,6147.4893,6080.821,6089.85
,File-loaded-ROI_group_1_demo-tiff_demo_1-xml_1_2,1_2,leaf_1,1,1,"(46,)",4,1269.7277,1380.421,843.19476,769.60394,810.1092,810.82764,815.78815,824.1776,875.3289,1117.65,1757.1184,2331.0408,2505.0618,2475.337,2134.1,1890.3711,1780.8329,1613.5922,1503.8486,1321.7764,1097.6382,918.9237,984.6605,1987.0303,3993.8474,5351.921,6085.15,6316.0303,6369.851,6352.3276,6383.6304,6401.3237,6437.4644,6442.7354,6490.1133,6516.154,6510.6157,6557.024,6581.959,6564.796,6516.862,6454.8804,6449.8027,6053.8594,6075.8555,5971.55
,File-loaded-ROI_group_1_demo-tiff_demo_1-xml_1_3,1_3,leaf_1,1,1,"(46,)",4,1562.3663,1489.3527,819.9442,784.6021,739.1116,761.9884,770.55896,774.53156,848.4853,1189.3989,2005.6263,2678.2683,2897.7136,2868.1726,2480.3884,2182.3547,2050.578,1835.9073,1681.0947,1461.4305,1148.138,869.3221,911.43054,2256.501,4369.5317,5670.784,6324.123,6495.88,6561.416,6533.9927,6541.5737,6580.922,6624.693,6652.697,6708.5557,6730.552,6729.408,6753.601,6788.5356,6791.16,6780.6147,6675.8496,6619.701,6318.297,6188.746,6104.9653
,File-loaded-ROI_group_1_demo-tiff_demo_1-xml_1_4,1_4,leaf_1,1,1,"(46,)",4,1693.3054,1487.6094,880.769,885.1535,813.6403,856.88654,842.3663,862.10236,914.4868,1171.4656,1854.6246,2469.2837,2655.7817,2624.6787,2258.2102,1989.9545,1879.4418,1690.4995,1571.6824,1384.2583,1148.3136,949.0223,1005.81714,2054.3328,4124.4385,5555.9585,6314.22,6555.4478,6618.0264,6616.555,6610.1025,6662.4053,6675.2607,6716.9165,6755.2725,6763.719,6808.9917,6839.483,6819.324,6812.4346,6818.7764,6740.647,6610.1226,6421.845,6271.158,6111.714
,File-loaded-ROI_group_1_demo-tiff_demo_1-xml_1_5,1_5,leaf_1,1,1,"(46,)",4,1837.5769,1506.9541,1014.324,895.6221,841.1605,913.1102,908.679,922.1494,1003.42456,1361.7626,2215.0474,2929.332,3144.7449,3113.114,2687.7803,2376.5598,2240.0466,2011.8861,1858.3232,1626.3728,1301.2833,1014.48816,1056.656,2439.608,4702.3438,6165.571,6962.4795,7206.0127,7270.3306,7270.1064,7276.677,7314.855,7347.7124,7391.678,7420.8174,7447.478,7479.8594,7514.5312,7517.8594,7551.48,7549.927,7468.33,7361.943,7078.244,6896.086,6827.026
,File-loaded-ROI_group_1_demo-tiff_demo_2-xml_2_1,2_1,leaf_2,1,1,"(46,)",3,1471.6018,1387.873,745.5463,573.5066,552.24207,569.79364,580.68384,573.34125,621.9008,835.9603,1415.1772,1934.4656,2106.9246,2056.6033,1712.2024,1465.4246,1375.1892,1194.701,1083.1283,963.4127,776.9259,597.26324,640.00793,1441.6865,3214.389,4569.8306,5351.0674,5635.1562,5679.4854,5756.967,5741.8716,5763.0767,5812.4644,5806.7646,5856.7817,5835.5107,5832.6216,5895.0054,5871.9023,5851.6206,5914.5386,5811.414,5768.5186,5516.737,5386.2314,5314.426
,File-loaded-ROI_group_1_demo-tiff_demo_2-xml_2_2,2_2,leaf_2,1,1,"(46,)",3,1491.5974,1127.9261,601.6478,420.41217,387.65305,422.25305,427.4261,421.13043,463.79303,660.8565,1157.7653,1621.2269,1770.5304,1727.5479,1421.7139,1213.7227,1124.2513,966.7661,869.7835,760.17566,592.2383,440.19565,476.3913,1180.2991,2759.6226,3968.5383,4652.067,4877.899,4942.786,4978.7007,4992.538,5020.4746,5046.04,5053.755,5066.9775,5048.8174,5083.804,5104.954,5108.786,5090.4946,5078.441,4985.6895,4852.5454,4699.2007,4705.9688,4640.4365
,File-loaded-ROI_group_1_demo-tiff_demo_2-xml_2_3,2_3,leaf_2,1,1,"(46,)",3,1328.5437,1145.3912,604.70496,450.69855,427.2,439.27682,448.3349,449.35718,497.37772,720.42285,1300.624,1847.2217,2023.5941,1972.0316,1597.7361,1351.3783,1252.2087,1071.1238,963.4651,844.9994,650.51495,485.57654,534.3824,1346.0035,3290.071,4899.5576,5902.106,6252.285,6354.012,6362.947,6372.4536,6393.4473,6410.0474,6424.4053,6440.913,6457.0967,6467.4136,6464.986,6459.6606,6488.699,6435.2627,6338.3633,6144.17,5973.6978,5950.452,5740.277
,File-loaded-ROI_group_1_demo-tiff_demo_2-xml_2_4,2_4,leaf_2,1,1,"(46,)",3,1535.4656,1213.986,763.13385,776.9167,760.2802,836.5229,851.63544,864.6729,931.2625,1247.0912,1977.3036,2610.7454,2816.8074,2770.977,2375.0615,2092.4307,1980.4292,1763.611,1626.5203,1466.6218,1203.6875,947.98596,966.02655,2099.825,4173.665,5583.8525,6358.726,6636.9194,6713.495,6740.2754,6768.1284,6768.264,6818.6074,6808.1353,6826.7583,6843.2715,6833.986,6870.495,6872.212,6863.783,6824.5845,6741.0815,6623.3213,6413.184,6241.8096,6175.8535
,File-loaded-ROI_group_1_demo-tiff_demo_2-xml_2_5,2_5,leaf_2,1,1,"(46,)",3,1493.3043,1126.7401,619.24066,462.35196,410.8385,447.9141,460.38614,460.65115,507.88406,752.5611,1374.4565,1927.309,2109.6409,2065.7603,1708.4591,1453.528,1349.5813,1164.1372,1046.5999,904.2671,692.03107,498.99377,526.6589,1435.4513,3309.7976,4630.993,5382.439,5622.344,5696.175,5725.509,5743.9746,5751.34,5791.275,5790.28,5808.3867,5817.04,5820.824,5848.003,5834.0605,5811.042,5800.356,5749.241,5652.5483,5453.0464,5374.2944,5279.1616
,File-loaded-ROI_group_2_demo-tiff_demo_3-xml_3_1,3_1,leaf_3,1,1,"(46,)",2,1502.6768,1292.5046,626.8339,442.05487,390.46954,403.80576,395.63306,393.7615,418.09225,527.1787,921.3942,1344.8436,1481.9043,1419.2184,1093.2799,898.246,827.7517,698.49054,623.1805,557.7172,460.9983,393.86148,451.7592,883.4115,2557.3057,4356.8726,5615.3457,6073.9253,6205.5127,6226.7666,6246.8936,6289.9175,6319.9517,6356.0894,6389.9185,6425.3564,6445.3076,6453.0884,6455.6343,6471.6772,6461.8267,6395.126,6232.864,6029.985,5911.9897,5727.3696
,File-loaded-ROI_group_2_demo-tiff_demo_3-xml_3_2,3_2,leaf_3,1,1,"(46,)",2,1397.7295,1211.034,622.7066,421.62985,358.50903,366.53403,362.93576,360.11804,374.9677,462.3712,779.41736,1130.3323,1235.9757,1188.991,923.1778,764.23334,707.5972,601.4097,542.10626,484.41876,408.62222,357.12708,403.51944,746.86597,2073.6086,3517.2478,4512.7407,4895.391,5009.514,5048.088,5072.213,5093.799,5113.517,5129.359,5141.626,5153.9717,5171.257,5179.857,5176.502,5149.6636,5138.7275,5115.3525,5005.002,4851.39,4764.538,4728.69
,File-loaded-ROI_group_2_demo-tiff_demo_3-xml_3_3,3_3,leaf_3,1,1,"(46,)",2,1402.3739,1161.418,705.19916,529.68823,485.89035,496.04706,492.17178,490.31952,508.44672,617.148,980.4144,1378.577,1505.259,1454.3718,1159.2588,977.31793,909.5387,790.2246,723.235,656.0202,562.6688,501.2215,545.50806,960.2375,2475.6582,4048.943,5113.9077,5488.1504,5602.852,5627.658,5648.2075,5680.478,5698.6084,5715.5127,5737.1104,5751.5117,5776.141,5782.084,5790.385,5780.1406,5762.3823,5702.1104,5594.16,5442.324,5381.197,5283.9956
,File-loaded-ROI_group_2_demo-tiff_demo_3-xml_3_4,3_4,leaf_3,1,1,"(46,)",2,1450.7115,1207.356,646.9394,462.79813,391.14624,405.98312,398.54343,397.4403,422.1244,552.15784,963.90314,1404.0413,1546.8794,1491.5613,1171.8896,974.09406,901.355,762.33685,680.8931,608.09314,497.06406,416.17438,464.92093,945.39404,2602.1477,4237.343,5315.31,5687.4155,5778.574,5802.5454,5823.6313,5848.6187,5892.05,5922.61,5951.317,5969.47,5977.945,5988.1323,5985.0493,6011.2217,5972.6553,5882.4087,5777.164,5585.4683,5521.8374,5320.7285
,File-loaded-ROI_group_2_demo-tiff_demo_3-xml_3_5,3_5,leaf_3,1,1,"(46,)",2,1315.7831,1149.4526,617.3546,392.03238,328.1517,355.25845,346.6198,356.4681,380.30194,540.5459,1010.9589,1494.4565,1646.5222,1589.2981,1247.7836,1029.5555,951.77924,797.01447,705.673,621.4227,482.1121,384.61255,447.9976,1033.154,2835.3584,4518.6445,5642.0107,6004.821,6095.3193,6107.917,6123.2783,6156.921,6185.0137,6218.592,6267.444,6296.28,6310.086,6315.103,6334.98,6332.974,6277.4697,6230.8237,6038.058,5882.6406,5801.6865,5693.77
,File-loaded-ROI_group_2_demo-tiff_demo_4-xml_4_1,4_1,leaf_4,1,1,"(46,)",1,1412.2821,1244.0278,769.4156,701.2019,622.6783,624.7566,613.884,613.384,629.8377,692.133,958.59766,1303.3486,1418.957,1361.5005,1096.1326,951.31366,895.2618,806.0953,756.2085,713.39056,657.89856,622.8052,685.7189,977.5764,2467.372,4362.2144,5777.797,6342.2256,6484.897,6503.826,6495.441,6522.6924,6546.9814,6572.115,6609.68,6621.281,6634.704,6687.259,6665.679,6682.71,6641.171,6594.0215,6409.5615,6204.642,6058.2764,6043.2686
,File-loaded-ROI_group_2_demo-tiff_demo_4-xml_4_2,4_2,leaf_4,1,1,"(46,)",1,1385.1835,1246.2944,732.8412,593.043,516.94855,523.89856,510.86838,513.04193,525.12024,593.5239,872.40186,1221.3923,1333.3147,1281.4452,1008.7,854.43933,798.8603,702.19855,649.9364,600.74005,545.30035,513.5522,568.31287,879.3261,2360.5261,4159.7446,5464.353,5933.9565,6062.1885,6054.283,6073.8193,6091.575,6109.7046,6126.154,6138.324,6198.001,6193.984,6240.3726,6212.364,6226.067,6201.053,6153.167,6061.807,5784.638,5682.7227,5692.868
,File-loaded-ROI_group_2_demo-tiff_demo_4-xml_4_3,4_3,leaf_4,1,1,"(46,)",1,1639.584,1409.3202,824.9372,691.605,632.45245,654.4978,635.5281,636.41833,649.302,727.4076,1049.4178,1442.3835,1568.5444,1509.6744,1206.1375,1037.0228,977.23505,869.22253,811.5176,759.38605,693.16174,653.6401,714.3881,1075.1697,2712.5857,4626.108,5957.2886,6468.007,6608.465,6625.3433,6605.378,6610.7935,6646.125,6655.585,6681.901,6702.142,6704.9995,6735.706,6728.562,6754.503,6762.2603,6670.3394,6554.0664,6335.302,6243.067,6158.253
,File-loaded-ROI_group_2_demo-tiff_demo_4-xml_4_4,4_4,leaf_4,1,1,"(46,)",1,1603.8041,1370.5801,702.5331,537.32086,484.07733,497.6914,479.5835,479.73764,494.61404,581.5127,905.24927,1287.9196,1408.2391,1350.1166,1053.3844,881.03503,820.9548,710.6394,652.76825,598.452,527.96893,482.7839,543.85443,906.7379,2513.8464,4385.608,5724.957,6196.1445,6315.512,6325.059,6316.035,6333.115,6358.904,6371.372,6394.6406,6443.3154,6438.332,6490.267,6469.863,6486.681,6467.3604,6389.1025,6275.491,6052.033,5966.176,5843.2607
,File-loaded-ROI_group_2_demo-tiff_demo_4-xml_4_5,4_5,leaf_4,1,1,"(46,)",1,1576.5044,1265.6876,618.0258,467.22617,389.44272,398.35986,394.8638,391.46982,409.41565,512.76843,871.82135,1272.6534,1397.8513,1336.8809,1030.7601,850.5527,784.29236,663.3661,598.0366,540.6776,453.21948,394.26364,459.14328,873.07623,2481.485,4242.3687,5464.9688,5907.96,6029.9043,6041.2534,6030.9546,6028.9673,6059.16,6064.6636,6100.1167,6131.299,6129.105,6175.234,6190.1406,6180.066,6211.672,6104.5293,5979.4,5823.92,5727.6025,5607.535
,File-loaded-ROI_group_2_demo-tiff_demo_5-xml_5_1,5_1,leaf_5,1,1,"(46,)",0,1461.7075,1310.9684,668.53754,312.1423,295.6166,285.68774,271.9328,282.65216,306.74112,408.4565,708.7569,1030.8538,1131.9882,1077.8794,831.253,683.6127,636.9526,533.8557,486.65414,433.20947,358.83398,282.93872,332.96442,718.61066,2091.1187,3940.3242,5525.672,6158.996,6341.6187,6376.581,6403.69,6422.7666,6547.575,6543.6187,6618.3145,6638.662,6647.4683,6662.9346,6680.2646,6696.2373,6604.0337,6546.721,6322.2056,6045.644,5812.055,5752.249
,File-loaded-ROI_group_2_demo-tiff_demo_5-xml_5_2,5_2,leaf_5,1,1,"(46,)",0,1478.3125,785.0417,521.5677,355.93228,263.5547,268.79166,253.40105,269.9349,290.80728,393.60938,656.40625,938.5469,1029.0209,979.54425,774.08075,647.625,602.1536,512.9714,465.7396,413.72134,336.78125,265.59897,288.45572,662.5599,1856.1198,3469.9714,4914.6406,5508.3804,5698.867,5744.943,5771.9116,5805.3906,5851.682,5900.7056,5936.1953,5990.7056,5983.112,6009.6587,5976.521,6002.435,5913.6587,5780.539,5519.367,5218.953,5183.5625,5086.982
,File-loaded-ROI_group_2_demo-tiff_demo_5-xml_5_3,5_3,leaf_5,1,1,"(46,)",0,1279.9684,1227.1548,481.45084,335.0983,238.42372,276.35367,279.04858,270.6339,290.09604,362.0497,575.39325,815.28925,895.4938,861.3028,676.322,572.7164,535.4373,459.9322,424.34464,382.3853,327.12994,279.77966,300.99323,574.0938,1570.8022,2925.2507,4057.6033,4522.749,4648.687,4704.9966,4754.217,4786.993,4799.754,4828.7764,4847.9175,4849.5547,4820.1333,4845.116,4815.5933,4869.724,4778.3154,4685.566,4508.321,4390.791,4271.853,4269.3784
,File-loaded-ROI_group_2_demo-tiff_demo_5-xml_5_4,5_4,leaf_5,1,1,"(46,)",0,1737.695,1005.1375,447.7225,325.8025,263.4825,281.3375,279.2325,286.745,296.8875,375.545,603.4025,877.0025,967.46,923.12,713.68,596.4275,549.835,468.775,430.5075,389.82,328.2125,289.8575,323.365,609.0825,1761.2225,3321.245,4551.84,5032.28,5189.7524,5220.6123,5245.735,5247.1123,5292.7075,5303.495,5276.315,5311.065,5281.135,5332.755,5329.39,5336.9375,5337.1875,5237.5376,5073.3726,4933.215,4833.27,4827.3726
,File-loaded-ROI_group_2_demo-tiff_demo_5-xml_5_5,5_5,leaf_5,1,1,"(46,)",0,1337.614,1335.8235,611.26715,366.53064,316.49756,301.45712,301.00858,304.07477,324.3897,417.22427,705.8284,1024.2745,1123.3407,1072.1666,824.72675,683.97546,631.51105,538.35175,482.89093,435.67523,362.9093,308.826,365.72916,728.46326,2109.207,3942.522,5475.984,6094.0244,6292.5283,6310.57,6315.005,6298.886,6336.3774,6334.7563,6351.37,6379.4287,6378.884,6434.276,6412.3037,6410.099,6402.783,6322.245,6184.288,5812.556,5830.1484,5607.1777
